Title,Link
Senior Python Backend Engineer,https://remoteok.com/remote-jobs/remote-senior-python-backend-engineer-orga-ai-1093458
Svelte Developer,https://remoteok.com/remote-jobs/remote-svelte-developer-green-stuff-world-1093508
Principal Software Engineer,https://remoteok.com/remote-jobs/remote-principal-software-engineer-cef-ai-1093744
WordPress Plugins & Themes developer,https://remoteok.com/remote-jobs/remote-wordpress-plugins-themes-developer-melapress-1093690
Software engineer,https://remoteok.com/remote-jobs/remote-software-engineer-sticker-mule-1093738
Web Developer,https://remoteok.com/remote-jobs/remote-web-developer-mailerlite-1093712
Senior Fullstack Developer,https://remoteok.com/remote-jobs/remote-senior-fullstack-developer-swipe-games-1093439
Software Engineer Data Infrastructure & Acquisition,https://remoteok.com/remote-jobs/remote-software-engineer-data-infrastructure-acquisition-speechify-1093699
Content Producer Technical Content Engineer Junior Dev,https://remoteok.com/remote-jobs/remote-content-producer-technical-content-engineer-junior-dev-private-ki-1093677
Senior Full Stack Engineer,https://remoteok.com/remote-jobs/remote-senior-full-stack-engineer-amk-solutions-1093412
Backend Developer @ lobstr.io Python Scraping Celery,https://remoteok.com/remote-jobs/remote-backend-developer-lobstr-io-python-scraping-celery-lobstr-io-1093607
Javascript Fullstack Engineer Senior,https://remoteok.com/remote-jobs/remote-javascript-fullstack-engineer-senior-lumenalta-1092919
Senior Software Engineer,https://remoteok.com/remote-jobs/remote-senior-software-engineer-modelvault-1093504
Senior Backend Engineer,https://remoteok.com/remote-jobs/remote-senior-backend-engineer-hockeystack-1093257
Tech Cofounder CTO,https://remoteok.com/remote-jobs/remote-tech-cofounder-cto-founders-factory-1093267
Senior React Native SDK Engineer,https://remoteok.com/remote-jobs/remote-senior-react-native-sdk-engineer-nami-ml-1093276
Spanish Speaking Software Support Engineer,https://remoteok.com/remote-jobs/remote-spanish-speaking-software-support-engineer-payara-1093246
Administrative Executive,https://remoteok.com/remote-jobs/remote-administrative-executive-prime-design-build-1092987
Senior Software Engineer,https://remoteok.com/remote-jobs/remote-senior-software-engineer-emergent-software-1092940
Full Stack Developer,https://remoteok.com/remote-jobs/remote-full-stack-developer-incyte-studios-1086821
