company_name,company_logo,company_url
GoodLeap,https://remoteok.com/assets/img/jobs/523726b3e72846b2acd61afa9b59190c1754506803.png,https://remoteOK.com/remote-jobs/remote-customer-care-advisor-goodleap-1093771
Monzo,,https://remoteOK.com/remote-jobs/remote-senior-backend-engineer-monzo-1093770
Executive Bootcamp,https://remoteOK.com/assets/img/jobs/ff2d7994afc4de95a31d0365cfa813a01754494125.png,https://remoteOK.com/remote-jobs/remote-2-000-monthly-linkedin-dm-reply-job-usa-timezone-executive-bootcamp-1093768
InfStones,https://remoteok.com/assets/img/jobs/b95dc9ea1883ffab1538c625f8e3df981754478004.png,https://remoteOK.com/remote-jobs/remote-devops-engineer-infstones-1093766
Peach Finance,https://remoteok.com/assets/img/jobs/9834fcbafb32385f9082fc636beff59f1754474404.png,https://remoteOK.com/remote-jobs/remote-technical-writer-peach-finance-1093765
FetLife,https://remoteOK.com/assets/img/jobs/149ee3c9d44fbc434b07be12f5c979ca1754473702.png,https://remoteOK.com/remote-jobs/remote-senior-full-stack-engineer-fetlife-1093764
CloudWalk,https://remoteok.com/assets/img/jobs/d9f918d68b2aae3881cf60e2217f448d1754380803.png,https://remoteOK.com/remote-jobs/remote-customer-support-engineer-i-intern-cloudwalk-1093763
CoinGecko,https://remoteok.com/assets/img/jobs/a464e30abd1b31247922b20149505f291754341208.png,https://remoteOK.com/remote-jobs/remote-account-executive-coingecko-1093761
Accompany Health,https://remoteok.com/assets/img/jobs/d346a8bc9747533a4cb3f466d3c2dff51754064009.png,https://remoteOK.com/remote-jobs/remote-medical-record-specialist-accompany-health-1093756
CertiK,https://remoteok.com/assets/img/jobs/c79a80402ac6750c348040c44d3d0bd41754038802.png,https://remoteOK.com/remote-jobs/remote-blockchain-security-expert-ai-track-certik-1093753
Anchorage Digital,https://remoteok.com/assets/img/jobs/f31c092d0b5228749cbb164bf38338d21754035206.png,https://remoteOK.com/remote-jobs/remote-growth-marketing-lead-anchorage-digital-1093752
Mozilla Corporation,,https://remoteOK.com/remote-jobs/remote-senior-backend-engineer-mozilla-corporation-1093751
Nomi Health,https://remoteok.com/assets/img/jobs/a63705b4f82e895a31f800361fb5d6b31753920013.png,https://remoteOK.com/remote-jobs/remote-data-engineer-nomi-health-1093750
WEP Clinical ,,https://remoteOK.com/remote-jobs/remote-associate-director-clinical-monitoring-wep-clinical-1093749
One Medical,,https://remoteOK.com/remote-jobs/remote-social-programs-manager-one-medical-1093747
CEF.Ai,https://remoteOK.com/assets/img/jobs/198165b2fb4d4e7c9b10b87c32ed69951753794987.png,https://remoteOK.com/remote-jobs/remote-principal-software-engineer-cef-ai-1093744
Welo Data,https://remoteOK.com/assets/img/jobs/0ac6841322c7b8c323b1373d4baa52f81753787830.png,https://remoteOK.com/remote-jobs/remote-korean-japanese-lyric-transliteration-reviewer-welo-data-1093742
Socure,https://remoteok.com/assets/img/jobs/459f04a563ab61ff689db8c29f1249b41753725605.png,https://remoteOK.com/remote-jobs/remote-staff-software-engineer-backend-socure-1093740
Inkitt,https://remoteok.com/assets/img/jobs/aac28be2ac4fc9222951383ec46a46521753704004.png,https://remoteOK.com/remote-jobs/remote-senior-devops-engineer-inkitt-1093739
Sticker Mule,https://remoteOK.com/assets/img/jobs/0c8f4c7916342b95d6e9d859e533a1a31753695966.jpg,https://remoteOK.com/remote-jobs/remote-software-engineer-sticker-mule-1093738
Coins.ph,https://remoteok.com/assets/img/jobs/412e1384c3d33e97057aa4bb0d718b891753689605.png,https://remoteOK.com/remote-jobs/remote-kyc-ops-leader-coins-ph-1093737
Tala,https://remoteok.com/assets/img/jobs/45d112c284f634f88f3f379f7ae7d1301753650003.png,https://remoteOK.com/remote-jobs/remote-senior-android-engineer-tala-1093735
Aprio,https://remoteok.com/assets/img/jobs/902a625f775fbf4f6912d4759ec207f31753516807.png,https://remoteOK.com/remote-jobs/remote-aprio-canada-national-tax-office-leader-senior-tax-director-aprio-1093729
Sayari,https://remoteok.com/assets/img/jobs/99fce1a72f19971be8ff73af656093981753466406.png,https://remoteOK.com/remote-jobs/remote-associate-data-engineer-sayari-1093725
Allocate,,https://remoteOK.com/remote-jobs/remote-senior-software-engineer-backend-allocate-1093713
MailerLite,https://remoteOK.com/assets/img/jobs/7b0df83218172e80f109659c535f0c361753421221.png,https://remoteOK.com/remote-jobs/remote-web-developer-mailerlite-1093712
Smartbug Media,https://remoteok.com/assets/img/jobs/75fd04e704462838b3c4c56ecd7041b91753315227.png,https://remoteOK.com/remote-jobs/remote-account-strategist-smartbug-media-1093708
COMPLY,https://remoteok.com/assets/img/jobs/89adb84ac0cb50fcb8fabc5802c86b131753315219.png,https://remoteOK.com/remote-jobs/remote-associate-customer-success-manager-comply-1093707
Panopto,https://remoteok.com/assets/img/jobs/a3a4a3e7b9fc18c986dcc6ddff9f4e801753315210.png,https://remoteOK.com/remote-jobs/remote-account-executive-enterprise-panopto-1093706
Harkla,https://remoteOK.com/assets/img/jobs/e8341d569558e29b1f2b47136f9f6c341753305671.png,https://remoteOK.com/remote-jobs/remote-sales-development-representative-harkla-1093704
AscendEX,https://remoteok.com/assets/img/jobs/ce5a4809461a49bee38eea0d5437baf11753304404.jpg,https://remoteOK.com/remote-jobs/remote-senior-front-end-engineer-ascendex-1093703
Coin Market Cap Ltd,,https://remoteOK.com/remote-jobs/remote-business-data-analyst-coin-market-cap-ltd-1093701
Backpack ,https://remoteok.com/assets/img/jobs/78d81d3b87546841b8a1c3984265531c1753275603.png,https://remoteOK.com/remote-jobs/remote-infrastructure-backpack-1093700
Speechify,https://remoteOK.com/assets/img/jobs/9cb80e8d21ce70f67df7d09e1418d54b1753272429.png,https://remoteOK.com/remote-jobs/remote-software-engineer-data-infrastructure-acquisition-speechify-1093699
Greenlight Financial Technology,https://remoteok.com/assets/img/jobs/c6aeca1443b48820577e615ed8c561941753243206.png,https://remoteOK.com/remote-jobs/remote-software-engineer-ii-full-stack-greenlight-financial-technology-1093698
Right Side Up,,https://remoteOK.com/remote-jobs/remote-associate-creative-director-right-side-up-1093697
AFAR,https://remoteok.com/assets/img/jobs/8aff9e78bd1b804ed718e35102c05f741753228816.png,https://remoteOK.com/remote-jobs/remote-revenue-operations-manager-afar-1093696
Discern,,https://remoteOK.com/remote-jobs/remote-fullstack-golang-engineer-discern-1093694
Tempesta Technologies,https://remoteOK.com/assets/img/jobs/b543d53dbf9a9e4e27468eab5a5550a61753186648.png,https://remoteOK.com/remote-jobs/remote-c-c-linux-developer-tempesta-technologies-1093692
Melapress,https://remoteOK.com/assets/img/jobs/1f062f3c8e8df7349ade354b5425f2501753183570.png,https://remoteOK.com/remote-jobs/remote-content-led-marketer-melapress-1093691
The Block,https://remoteok.com/assets/img/jobs/da252a8eeae6862df957c18b3245d70a1753174805.png,https://remoteOK.com/remote-jobs/remote-marketing-lead-the-block-1093689
Clipbook,,https://remoteOK.com/remote-jobs/remote-intelligence-amp-research-analyst-clipbook-1093688
Injective Labs,https://remoteok.com/assets/img/jobs/4e43d3fc3f972e566e6ee4f09fc632be1753149604.png,https://remoteOK.com/remote-jobs/remote-government-relations-officer-injective-labs-1093686
Crewvision,https://remoteOK.com/assets/img/jobs/7c123308642f9c2a813faf41042c03131753120794.jpg,https://remoteOK.com/remote-jobs/remote-ui-ux-product-designer-crewvision-1093681
Interaction Design Foundation,https://remoteOK.com/assets/img/jobs/4fe39fbb1599f60673549a16dbf9126a1753094434.png,https://remoteOK.com/remote-jobs/remote-admin-and-support-specialist-with-love-for-writing-interaction-design-foundation-1093680
dLocal,https://remoteok.com/assets/img/jobs/d192c61c41b09140aa809a6701f7eaba1753088403.png,https://remoteOK.com/remote-jobs/remote-crypto-compliance-project-manager-dlocal-1093679
OANDA Europe Ltd.,,https://remoteOK.com/remote-jobs/remote-head-of-crm-oanda-europe-ltd-1093678
Private.Ki,https://remoteOK.com/assets/img/jobs/f25a0fd1b269f0f8d69cf8eb4f584c991753068296.png,https://remoteOK.com/remote-jobs/remote-content-producer-technical-content-engineer-junior-dev-private-ki-1093677
Sword Health,https://remoteok.com/assets/img/jobs/096b38b40ea65b829bbdd3717afe0bcb1752969609.png,https://remoteOK.com/remote-jobs/remote-executive-assistant-amp-office-manager-sword-health-1093673
Quantum Metric,https://remoteok.com/assets/img/jobs/4f791e0784ab35d0bd78880955449ca01752894005.png,https://remoteOK.com/remote-jobs/remote-account-executive-retail-quantum-metric-1093672
AllTrails,https://remoteok.com/assets/img/jobs/b792dd9ab566479ef547d12c3a6d680f1752890405.png,https://remoteOK.com/remote-jobs/remote-senior-product-designer-alltrails-1093671
CrowdGen by Appen,https://remoteok.com/assets/img/jobs/e7d426a8581b920b1d4b3750001adaad1752883216.png,https://remoteOK.com/remote-jobs/remote-data-collection-participant-photo-submission-task-crowdgen-by-appen-1093670
Heard,https://remoteok.com/assets/img/jobs/2f6bac7756cac75251c47962d19af1dc1752840011.png,https://remoteOK.com/remote-jobs/remote-sales-development-representative-heard-1093666
Gravie,https://remoteok.com/assets/img/jobs/9f50b40c8f74653bff2392eb8c11495b1752840005.png,https://remoteOK.com/remote-jobs/remote-underwriter-gravie-1093665
Sensor Tower,https://remoteok.com/assets/img/jobs/7fcdb5fbbfe23f1815c723e3d59e609c1752825612.png,https://remoteOK.com/remote-jobs/remote-full-stack-engineer-sensor-tower-1093661
Koombea,https://remoteok.com/assets/img/jobs/41aaab1e8b181ad27170d6beadd2e3881752796833.png,https://remoteOK.com/remote-jobs/remote-senior-ai-python-developer-koombea-1093660
Slate,https://remoteok.com/assets/img/jobs/25aeb174531a205514f5a3633bd8fd951752796825.png,https://remoteOK.com/remote-jobs/remote-user-support-specialist-slate-1093659
Proof,https://remoteok.com/assets/img/jobs/ce917ad1319f9a65a6fc3a60bd27860b1752782405.png,https://remoteOK.com/remote-jobs/remote-senior-software-engineer-proof-1093658
Egen,https://remoteok.com/assets/img/jobs/2ae9bffa3cbc8e639454e840029d123a1752768003.png,https://remoteOK.com/remote-jobs/remote-ml-scientist-foundation-model-egen-1093656
Voxy Inc,https://remoteok.com/assets/img/jobs/db118345d570b6024f42a3ebdc33e7911752710434.png,https://remoteOK.com/remote-jobs/remote-customer-success-analyst-voxy-inc-1093647
City IT,,https://remoteOK.com/remote-jobs/remote-qa-analyst-city-it-1093646
Seaport Global Holdings LLC,https://remoteok.com/assets/img/jobs/abe1db69575ddfd39c71f58ae1e85b101752710419.png,https://remoteOK.com/remote-jobs/remote-investment-research-associate-seaport-global-holdings-llc-1093645
HONK,https://remoteok.com/assets/img/jobs/eb11cffd0ee7904cf04b846b4defb1aa1752710413.png,https://remoteOK.com/remote-jobs/remote-technical-account-manager-honk-1093644
MachineFi Lab,https://remoteok.com/assets/img/jobs/7d1b81f07805c1ed5b57565dbaf1a2b41752674403.png,https://remoteOK.com/remote-jobs/remote-developer-relations-engineer-machinefi-lab-1093641
Exora,https://remoteOK.com/assets/img/jobs/2b4eef20dc7c6fe3b50599163e04b6a91752564593.png,https://remoteOK.com/remote-jobs/remote-assistant-trader-exora-1093629
Prompt,https://remoteok.com/assets/img/jobs/ce1536492861f0fcd47f004977783a061752516018.png,https://remoteOK.com/remote-jobs/remote-senior-devops-engineer-prompt-1093626
Loft Orbital Solutions,https://remoteok.com/assets/img/jobs/73ddeacca8c2a9b8f0853d4f37da435f1752516011.png,https://remoteOK.com/remote-jobs/remote-senior-security-engineer-loft-orbital-solutions-1093625
RYZ Labs,https://remoteok.com/assets/img/jobs/2b0a02ee21797e8af3d08e63a0569cab1752508821.png,https://remoteOK.com/remote-jobs/remote-manufacturing-experts-ai-trainer-ryz-labs-1093623
Management Leadership For Tomorrow,https://remoteok.com/assets/img/jobs/b28cf7e9446330deb87a7359c4139f701752508813.png,https://remoteOK.com/remote-jobs/remote-primary-coach-career-prep-management-leadership-for-tomorrow-1093622
Jtine Co,https://remoteOK.com/assets/img/jobs/543f0f26b79ed7ac4d9ba980e4dedbaf1752507800.png,https://remoteOK.com/remote-jobs/remote-membership-support-content-coordinator-jtine-co-1093621
Tenderly,https://remoteok.com/assets/img/jobs/4cd56aa5d88a707baaf650e6ae7a3dc71752498004.png,https://remoteOK.com/remote-jobs/remote-blockchain-security-researcher-tenderly-1093620
HOLDON NOW,https://remoteOK.com/assets/img/jobs/e4b5856790f79480d4be1d1efb79a93c1752928864.jpg,https://remoteOK.com/remote-jobs/remote-30-hourly-virtual-assistant-usa-residents-only-holdon-now-1093611
lobstr.io,https://remoteOK.com/assets/img/jobs/e7937318514d55f0b973c832df5c6b5e1752244996.png,https://remoteOK.com/remote-jobs/remote-backend-developer-lobstr-io-python-scraping-celery-lobstr-io-1093607
Caiz,https://remoteok.com/assets/img/jobs/fdfb02129475462452db1e1229a75c701752231605.jpg,https://remoteOK.com/remote-jobs/remote-chief-executive-officer-crypto-blockchain-caiz-1093606
Yassir,https://remoteok.com/assets/img/jobs/23200f15f85d35605853bfe115938a1c1752159611.png,https://remoteOK.com/remote-jobs/remote-senior-mobile-ios-engineer-yassir-1093598
Spearbit,https://remoteok.com/assets/img/jobs/f3b69bf5852b605b93fae17cea2688361752145205.png,https://remoteOK.com/remote-jobs/remote-security-researcher-spearbit-1093595
Gymflow,https://remoteOK.com/assets/img/jobs/65287b3a7f3ae3d51c807c6b040100a31752061067.png,https://remoteOK.com/remote-jobs/remote-customer-onboarding-support-specialist-gymflow-1093589
Prezly,https://remoteOK.com/assets/img/jobs/be144bf7efeca45f365ad288eb470ba81752060952.png,https://remoteOK.com/remote-jobs/remote-senior-ts-react-developer-prezly-1093588
Immutable,https://remoteok.com/assets/img/jobs/cfd50d9ff804ad8e15d003cb3aa915121751961605.png,https://remoteOK.com/remote-jobs/remote-senior-security-engineer-immutable-1093568
Loancrate,https://remoteOK.com/assets/img/jobs/f7e2e777ef7246d624893db1113618871751908860.png,https://remoteOK.com/remote-jobs/remote-software-engineer-loancrate-1093565
TELUS Digital,https://remoteOK.com/assets/img/jobs/669317acf4e42225e10258a4e91fb10d1751901074.png,https://remoteOK.com/remote-jobs/remote-us-rater-telus-digital-1093564
Wintermute,https://remoteok.com/assets/img/jobs/bbaf63004aad48631f2c1fe12492c28c1751878804.png,https://remoteOK.com/remote-jobs/remote-senior-developer-wintermute-1093559
Espresso,https://remoteok.com/assets/img/jobs/541f313bc4ea60eee79e7c5d9763fd2b1751871604.png,https://remoteOK.com/remote-jobs/remote-partnerships-lead-espresso-1093557
Sumo Group,https://remoteok.com/assets/img/jobs/3938dad22d7f300c2705999ba7d41fd71751806804.png,https://remoteOK.com/remote-jobs/remote-principal-game-designer-sumo-group-1093554
Best Egg,https://remoteok.com/assets/img/jobs/eef6feda1110c85c39232fb23e0462671751652006.png,https://remoteOK.com/remote-jobs/remote-lead-software-engineer-ii-backend-best-egg-1093524
